,start_frame,peak_frame,end_frame,duration,start_brightness,peak_brightness,end_brightness,next_intervals,next_intervals_count,prev_intervals,prev_intervals_count,ratios,ratios_count,prev_interval,next_interval
0,25.0,27.0,32.0,8.0,9.01020896754524e-05,0.0001027705678257,9.133620245582792e-05,"['0.13', '0.32', '0.5', '1.0']",4,[],0,[0.13 0.32 0.5  1.  ],4,0.0,30.0
1,57.0,57.0,57.0,1.0,8.999706461738647e-05,8.999706461738647e-05,8.999706461738647e-05,['1.0'],1,['0.13'],1,[],0,30.0,4.0
2,59.0,61.0,63.0,5.0,9.033956815254608e-05,0.0001096482749075,8.421836555375453e-05,"['0.5', '1.0']",2,"['0.13', '0.18', '0.5', '1.0']",4,[0.18 0.5  1.  ],3,4.0,44.0
3,105.0,105.0,106.0,2.0,0.0001295451330745,0.0001295451330745,9.901791096765052e-05,"['0.32', '0.5', '1.0']",3,['0.32'],1,[0.18 0.32 0.5  1.  ],4,44.0,44.0
4,149.0,149.0,151.0,3.0,0.0001105776978111,0.0001105776978111,9.129366469474812e-05,"['0.13', '0.32', '0.5', '1.0']",4,"['0.5', '1.0']",2,[0.13 0.32 0.5  1.  ],4,44.0,33.0
5,182.0,182.0,184.0,3.0,0.0001287047927422,0.0001287047927422,9.316279780436391e-05,"['0.5', '1.0']",2,"['0.13', '0.32', '0.5', '1.0']",4,[0.18 0.5  1.  ],3,33.0,45.0
6,227.0,227.0,228.0,2.0,0.0001786519593488,0.0001786519593488,0.0001163403118794,"['0.32', '0.5', '1.0']",3,"['0.32', '0.5']",2,[0.18 0.32 0.5  1.  ],4,45.0,21.0
7,248.0,248.0,248.0,1.0,8.304596340628551e-05,8.304596340628551e-05,8.304596340628551e-05,[],0,[],0,[],0,21.0,24.0
8,269.0,272.0,275.0,7.0,9.551925931805994e-05,0.0001059892475198,8.884853916749947e-05,"['0.13', '0.32', '0.5', '1.0']",4,"['0.5', '1.0']",2,[0.13 0.32 0.5  1.  ],4,24.0,33.0
9,302.0,305.0,307.0,6.0,9.004879931512005e-05,9.821705948450188e-05,9.178612926078864e-05,"['0.5', '1.0']",2,"['0.13', '0.18', '0.32', '0.5', '1.0']",5,[0.18 0.5  1.  ],3,33.0,44.0
10,349.0,349.0,350.0,2.0,0.000144356808139,0.000144356808139,9.59502358783051e-05,"['0.32', '0.5', '1.0']",3,"['0.32', '0.5', '1.0']",3,[0.18 0.32 0.5  1.  ],4,44.0,45.0
11,393.0,394.0,394.0,2.0,0.0001129814228075,0.0001130316145001,0.0001130316145001,"['0.13', '0.32', '0.5', '1.0']",4,"['0.5', '1.0']",2,[0.13 0.32 0.5  1.  ],4,45.0,28.0
12,422.0,422.0,422.0,1.0,8.784833095908685e-05,8.784833095908685e-05,8.784833095908685e-05,"['0.5', '1.0']",2,[],0,[1.],1,28.0,4.0
13,426.0,426.0,427.0,2.0,0.0001262680090408,0.0001262680090408,0.0001260333983552,"['0.5', '1.0']",2,"['0.13', '0.32', '0.5', '1.0']",4,[0.18 0.5  1.  ],3,4.0,45.0
14,471.0,471.0,472.0,2.0,0.0001873485072282,0.0001873485072282,0.0001128252768577,"['0.32', '0.5', '1.0']",3,"['0.32', '0.5', '1.0']",3,[0.18 0.32 0.5  1.  ],4,45.0,45.0
15,512.0,516.0,518.0,7.0,8.910171834199289e-05,0.0001069891426764,9.774479830473465e-05,"['0.13', '0.32', '0.5', '1.0']",4,"['0.5', '1.0']",2,[0.13 0.32 0.5  1.  ],4,45.0,4.0
16,520.0,520.0,520.0,1.0,9.059172174837773e-05,9.059172174837773e-05,9.059172174837773e-05,['0.5'],1,['1.0'],1,[0.5],1,4.0,29.0
17,545.0,549.0,551.0,7.0,8.64411892903735e-05,0.000103950546536,9.085176546668896e-05,"['0.5', '1.0']",2,"['0.13', '0.18', '0.32', '0.5', '1.0']",5,[0.18 0.5  1.  ],3,29.0,44.0
18,593.0,593.0,594.0,2.0,0.0001367388802082,0.0001367388802082,9.926636031680486e-05,"['0.32', '0.5', '1.0']",3,"['0.32', '0.5', '1.0']",3,[0.18 0.32 0.5  1.  ],4,44.0,44.0
19,637.0,637.0,640.0,4.0,0.0001178858834112,0.0001178858834112,9.169070291984708e-05,"['0.13', '0.32', '0.5', '1.0']",4,"['0.5', '1.0']",2,[0.13 0.32 0.5  1.  ],4,44.0,5.0
20,642.0,642.0,642.0,1.0,8.417934344688258e-05,8.417934344688258e-05,8.417934344688258e-05,['1.0'],1,['0.5'],1,[1.],1,5.0,25.0
21,667.0,667.0,667.0,1.0,8.590210348958076e-05,8.590210348958076e-05,8.590210348958076e-05,"['0.5', '1.0']",2,"['0.5', '1.0']",2,[],0,25.0,3.0
22,670.0,670.0,672.0,3.0,0.0001321483412922,0.0001321483412922,9.017484982855052e-05,"['0.5', '1.0']",2,"['0.13', '0.32', '0.5', '1.0']",4,[0.18 0.5  1.  ],3,3.0,45.0
23,715.0,715.0,716.0,2.0,0.0001907071751945,0.0001907071751945,0.0001069206451991,"['0.32', '0.5', '1.0']",3,"['0.32', '0.5', '1.0']",3,[0.18 0.32 0.5  1.  ],4,45.0,45.0
24,757.0,760.0,763.0,7.0,9.2243120376413e-05,0.0001048824105473,8.950956711849175e-05,"['0.13', '0.32', '0.5', '1.0']",4,"['0.5', '1.0']",2,[0.13 0.32 0.5  1.  ],4,45.0,33.0
25,790.0,793.0,796.0,7.0,9.167004741182416e-05,0.0001107225171686,9.771080578563236e-05,"['0.32', '0.5', '1.0']",3,"['0.13', '0.18', '0.32', '0.5', '1.0']",5,[0.18 0.32 0.5  1.  ],4,33.0,45.0
26,838.0,838.0,838.0,1.0,0.0001427463169501,0.0001427463169501,0.0001427463169501,"['0.13', '0.32', '0.5', '1.0']",4,"['0.32', '0.5', '1.0']",3,[0.18 0.32 0.5  1.  ],4,45.0,35.0
27,872.0,873.0,873.0,2.0,8.99482076860772e-05,9.046240111298862e-05,9.046240111298862e-05,[],0,['0.32'],1,[0.18 0.5 ],2,35.0,9.0
28,882.0,882.0,883.0,2.0,0.0001234486261663,0.0001234486261663,0.0001071033982068,"['0.13', '0.32', '0.5', '1.0']",4,"['0.5', '1.0']",2,[0.13 0.32 0.5  1.  ],4,9.0,6.0
29,888.0,888.0,889.0,2.0,9.156494700623102e-05,9.156494700623102e-05,9.134547644605084e-05,['0.5'],1,[],0,[0.13],1,6.0,11.0
30,897.0,899.0,899.0,3.0,8.31683102225721e-05,8.461348207060171e-05,8.461348207060171e-05,[],0,[],0,[],0,11.0,3.0
31,902.0,902.0,902.0,1.0,8.830810191060898e-05,8.830810191060898e-05,8.830810191060898e-05,['0.32'],1,[],0,[0.32],1,3.0,14.0
32,913.0,916.0,918.0,6.0,9.055051922322485e-05,0.000147303130869,8.895318046958235e-05,"['0.5', '1.0']",2,"['0.13', '0.32', '0.5', '1.0']",4,[0.18 0.32 0.5  1.  ],4,14.0,4.0
33,920.0,920.0,920.0,1.0,8.903488325290082e-05,8.903488325290082e-05,8.903488325290082e-05,"['0.5', '1.0']",2,"['0.13', '0.18']",2,[1.],1,4.0,41.0
34,961.0,961.0,963.0,3.0,0.0002035588935748,0.0002035588935748,9.697011440646374e-05,"['0.32', '0.5', '1.0']",3,"['0.32', '0.5', '1.0']",3,[0.13 0.18 0.32 0.5  1.  ],5,41.0,20.0
35,981.0,981.0,981.0,1.0,8.736108495637362e-05,8.736108495637362e-05,8.736108495637362e-05,[],0,['0.32'],1,[],0,20.0,12.0
36,993.0,993.0,993.0,1.0,8.860795682459517e-05,8.860795682459517e-05,8.860795682459517e-05,[],0,"['0.13', '0.32']",2,[0.18],1,12.0,12.0
37,1001.0,1005.0,1011.0,11.0,9.088630879417534e-05,0.0001151144556182,8.738880696608813e-05,"['0.13', '0.32', '0.5', '1.0']",4,"['0.5', '1.0']",2,[0.13 0.32 0.5  1.  ],4,12.0,30.0
38,1035.0,1035.0,1035.0,1.0,8.592034999108642e-05,8.592034999108642e-05,8.592034999108642e-05,"['0.5', '1.0']",2,"['0.13', '0.5', '1.0']",3,[0.5],1,30.0,4.0
39,1037.0,1039.0,1042.0,6.0,0.0001020031300791,0.00010842245768,9.44336846730275e-05,"['0.5', '1.0']",2,"['0.13', '0.18', '0.32', '0.5', '1.0']",5,[0.18 0.5  1.  ],3,4.0,44.0
40,1083.0,1083.0,1083.0,1.0,0.0001580058990207,0.0001580058990207,0.0001580058990207,"['0.32', '0.5', '1.0']",3,"['0.32', '0.5', '1.0']",3,[0.18 0.32 0.5  1.  ],4,44.0,8.0
41,1091.0,1091.0,1091.0,1.0,8.72170127654952e-05,8.72170127654952e-05,8.72170127654952e-05,[],0,[],0,[],0,8.0,36.0
42,1127.0,1127.0,1130.0,4.0,0.0001253267100677,0.0001253267100677,8.919641912568093e-05,"['0.13', '0.32', '0.5', '1.0']",4,"['0.18', '0.5', '1.0']",3,[0.13 0.32 0.5  1.  ],4,36.0,30.0
43,1157.0,1157.0,1157.0,1.0,9.32522644642392e-05,9.32522644642392e-05,9.32522644642392e-05,"['0.5', '1.0']",2,"['0.5', '1.0']",2,[],0,30.0,3.0
44,1159.0,1160.0,1162.0,4.0,9.342800673649994e-05,0.0001428788845693,9.080944097708164e-05,"['0.5', '1.0']",2,"['0.13', '0.32', '0.5', '1.0']",4,[0.18 0.5  1.  ],3,3.0,4.0
45,1164.0,1164.0,1164.0,1.0,8.781102936443642e-05,8.781102936443642e-05,8.781102936443642e-05,[],0,"['0.13', '0.18', '0.5', '1.0']",4,[],0,4.0,41.0
46,1205.0,1205.0,1206.0,2.0,0.0002139015000654,0.0002139015000654,9.975338741312889e-05,"['0.32', '0.5', '1.0']",3,"['0.32', '0.5', '1.0']",3,[0.18 0.32 0.5  1.  ],4,41.0,45.0
47,1247.0,1250.0,1253.0,7.0,9.557644026386206e-05,0.0001099203316972,8.750222074395708e-05,"['0.13', '0.5', '1.0']",3,"['0.5', '1.0']",2,[0.13 0.32 0.5  1.  ],4,45.0,33.0
48,1280.0,1283.0,1284.0,5.0,9.17513284987216e-05,0.0001029830004149,9.95300633311479e-05,"['0.5', '1.0']",2,"['0.13', '0.18', '0.32', '0.5', '1.0']",5,[0.18 0.5 ],2,33.0,44.0
49,1327.0,1327.0,1327.0,1.0,0.0001395362326582,0.0001395362326582,0.0001395362326582,"['0.32', '0.5', '1.0']",3,"['0.32', '0.5', '1.0']",3,[0.18 0.32 0.5  1.  ],4,44.0,44.0
50,1371.0,1371.0,1372.0,2.0,0.0001199113862583,0.0001199113862583,9.74464320849334e-05,"['0.13', '0.32', '0.5', '1.0']",4,"['0.5', '1.0']",2,[0.13 0.32 0.5  1.  ],4,44.0,33.0
51,1403.0,1404.0,1405.0,3.0,8.507243610985624e-05,0.0001489460531274,0.0001169861065008,"['0.5', '1.0']",2,"['0.13', '0.32', '0.5', '1.0']",4,[0.18 0.5  1.  ],3,33.0,45.0
52,1449.0,1449.0,1450.0,2.0,0.0001978496626196,0.0001978496626196,0.0001006361229253,"['0.32', '0.5', '1.0']",3,"['0.32', '0.5', '1.0']",3,[0.18 0.32 0.5  1.  ],4,45.0,44.0
53,1491.0,1493.0,1497.0,7.0,9.975830004800416e-05,0.0001077781174176,8.989905120291023e-05,"['0.13', '0.32', '0.5', '1.0']",4,"['0.5', '1.0']",2,[0.13 0.32 0.5  1.  ],4,44.0,32.0
54,1524.0,1525.0,1528.0,5.0,9.616707704530842e-05,0.0001034917052248,9.768469787234788e-05,"['0.5', '1.0']",2,"['0.13', '0.5', '1.0']",3,[0.18 0.5  1.  ],3,32.0,46.0
55,1571.0,1571.0,1571.0,1.0,0.0001405100547311,0.0001405100547311,0.0001405100547311,"['0.32', '0.5', '1.0']",3,"['0.32', '0.5', '1.0']",3,[0.18 0.32 0.5  1.  ],4,46.0,44.0
56,1614.0,1615.0,1617.0,4.0,8.98971325840509e-05,0.0001132525009026,8.828312030735274e-05,"['0.13', '0.32', '0.5', '1.0']",4,"['0.5', '1.0']",2,[0.13 0.32 0.5  1.  ],4,44.0,30.0
57,1645.0,1645.0,1645.0,1.0,8.865408911074695e-05,8.865408911074695e-05,8.865408911074695e-05,['0.5'],1,[],0,[],0,30.0,3.0
58,1647.0,1648.0,1649.0,3.0,8.983678723517738e-05,0.0001395335905501,0.000108776557198,"['0.5', '1.0']",2,"['0.13', '0.32', '0.5', '1.0']",4,[0.18 0.5  1.  ],3,3.0,45.0
59,1693.0,1693.0,1693.0,1.0,0.000192508137356,0.000192508137356,0.000192508137356,"['0.32', '0.5', '1.0']",3,"['0.32', '0.5', '1.0']",3,[0.18 0.32 0.5  1.  ],4,45.0,44.0
60,1735.0,1737.0,1740.0,6.0,8.788369077578602e-05,0.0001110339412965,9.001370505575161e-05,"['0.13', '0.32', '0.5', '1.0']",4,"['0.5', '1.0']",2,[0.13 0.32 0.5  1.  ],4,44.0,25.0
61,1762.0,1762.0,1762.0,1.0,8.90329807435536e-05,8.90329807435536e-05,8.90329807435536e-05,[],0,[],0,[],0,25.0,8.0
62,1768.0,1770.0,1772.0,5.0,8.8107259753377e-05,0.0001057237632965,9.48103326833164e-05,"['0.5', '1.0']",2,"['0.13', '0.32', '0.5', '1.0']",4,[0.18 0.5  1.  ],3,8.0,46.0
63,1816.0,1816.0,1816.0,1.0,0.0001456403378912,0.0001456403378912,0.0001456403378912,"['0.32', '0.5', '1.0']",3,"['0.32', '0.5', '1.0']",3,[0.18 0.32 0.5  1.  ],4,46.0,44.0
64,1860.0,1860.0,1861.0,2.0,0.0001196462951281,0.0001196462951281,9.836008936238018e-05,"['0.13', '0.32', '0.5', '1.0']",4,"['0.5', '1.0']",2,[0.13 0.18 0.32 0.5  1.  ],5,44.0,33.0
65,1892.0,1893.0,1894.0,3.0,9.504856073922768e-05,0.0001513932286479,9.632130061089469e-05,"['0.5', '1.0']",2,"['0.13', '0.32', '0.5', '1.0']",4,[0.18 0.5  1.  ],3,33.0,11.0
66,1904.0,1904.0,1904.0,1.0,9.214490466975854e-05,9.214490466975854e-05,9.214490466975854e-05,"['0.13', '0.32']",2,[],0,[0.13 0.32],2,11.0,2.0
67,1906.0,1906.0,1906.0,1.0,8.766445597484982e-05,8.766445597484982e-05,8.766445597484982e-05,['0.32'],1,[],0,[0.13 0.32],2,2.0,32.0
68,1938.0,1938.0,1938.0,1.0,0.000180957922298,0.000180957922298,0.000180957922298,"['0.32', '0.5', '1.0']",3,"['0.13', '0.32', '0.5', '1.0']",4,[0.18 0.32 0.5  1.  ],4,32.0,44.0
69,1979.0,1982.0,1985.0,7.0,9.188678985386132e-05,0.0001127416692781,9.001330335254018e-05,"['0.13', '0.32', '0.5', '1.0']",4,"['0.32', '0.5', '1.0']",3,[0.13 0.32 0.5  1.  ],4,44.0,33.0
70,2013.0,2015.0,2017.0,5.0,8.62296307334981e-05,0.0001074230946586,9.513995082370488e-05,"['0.5', '1.0']",2,"['0.13', '0.18', '0.32', '0.5', '1.0']",5,[0.18 0.5  1.  ],3,33.0,46.0
71,2061.0,2061.0,2061.0,1.0,0.0001376755741171,0.0001376755741171,0.0001376755741171,"['0.32', '0.5', '1.0']",3,"['0.32', '0.5', '1.0']",3,[0.18 0.32 0.5  1.  ],4,46.0,44.0
72,2104.0,2105.0,2106.0,3.0,8.701771811054631e-05,0.0001128425593844,9.063364050197422e-05,"['0.13', '0.32', '0.5', '1.0']",4,"['0.5', '1.0']",2,[0.13 0.32 0.5  1.  ],4,44.0,20.0
73,2125.0,2125.0,2125.0,1.0,8.347985110259447e-05,8.347985110259447e-05,8.347985110259447e-05,[],0,[],0,[],0,20.0,13.0
74,2137.0,2138.0,2140.0,4.0,9.484830419499508e-05,0.0001418279743831,8.792693782922122e-05,"['0.5', '1.0']",2,"['0.13', '0.32', '0.5', '1.0']",4,[0.18 0.5  1.  ],3,13.0,43.0
75,2181.0,2181.0,2181.0,1.0,9.000623227772102e-05,9.000623227772102e-05,9.000623227772102e-05,"['0.32', '0.5', '1.0']",3,"['0.32', '1.0']",2,[0.18 0.32 0.5  1.  ],4,43.0,2.0
76,2183.0,2183.0,2185.0,3.0,0.0001964028914923,0.0001964028914923,8.944878375948372e-05,"['0.32', '0.5', '1.0']",3,"['0.32', '0.5', '1.0']",3,[0.18 0.32 0.5  1.  ],4,2.0,44.0
77,2225.0,2227.0,2230.0,6.0,9.709850064466084e-05,0.0001089371309638,9.058526419409092e-05,"['0.13', '0.32', '0.5', '1.0']",4,"['0.5', '1.0']",2,[0.13 0.32 0.5  1.  ],4,44.0,7.0
78,2234.0,2234.0,2234.0,1.0,9.134675653416244e-05,9.134675653416244e-05,9.134675653416244e-05,['0.13'],1,[],0,[0.13],1,7.0,26.0
79,2257.0,2260.0,2263.0,7.0,8.875781003196887e-05,0.0001055969089328,9.010243810639486e-05,"['0.5', '1.0']",2,"['0.13', '0.32', '0.5', '1.0']",4,[0.18 0.5  1.  ],3,26.0,5.0
80,2265.0,2265.0,2265.0,1.0,8.798440585798886e-05,8.798440585798886e-05,8.798440585798886e-05,[],0,['0.18'],1,[0.5],1,5.0,2.0
81,2267.0,2267.0,2267.0,1.0,8.564735276764229e-05,8.564735276764229e-05,8.564735276764229e-05,[],0,"['0.13', '0.18']",2,[],0,2.0,38.0
82,2305.0,2305.0,2305.0,1.0,0.0001205713365589,0.0001205713365589,0.0001205713365589,"['0.32', '0.5', '1.0']",3,"['0.18', '0.32', '0.5', '1.0']",4,[0.18 0.32 0.5  1.  ],4,38.0,19.0
83,2324.0,2324.0,2324.0,1.0,8.791117548683545e-05,8.791117548683545e-05,8.791117548683545e-05,[],0,[],0,[],0,19.0,25.0
84,2348.0,2349.0,2350.0,3.0,8.907990095335584e-05,0.000112626802462,9.207485477640143e-05,"['0.13', '0.32', '0.5', '1.0']",4,"['0.5', '1.0']",2,[0.13 0.32 0.5  1.  ],4,25.0,33.0
85,2378.0,2382.0,2383.0,6.0,8.874109048535846e-05,0.0001560190796347,0.0001034250195634,"['0.5', '1.0']",2,"['0.13', '0.32', '0.5', '1.0']",4,[0.18 0.5  1.  ],3,33.0,3.0
86,2385.0,2385.0,2385.0,1.0,9.13695575148482e-05,9.13695575148482e-05,9.13695575148482e-05,[],0,"['0.18', '0.5', '1.0']",3,[0.18],1,3.0,42.0
87,2426.0,2427.0,2427.0,2.0,9.436973908223009e-05,0.0001826179226079,0.0001826179226079,"['0.32', '0.5', '1.0']",3,"['0.32', '0.5', '1.0']",3,[0.18 0.32 0.5  1.  ],4,42.0,43.0
88,2469.0,2470.0,2474.0,6.0,9.526059671766716e-05,0.0001098340577188,9.209147615632191e-05,"['0.13', '0.32', '0.5', '1.0']",4,"['0.5', '1.0']",2,[0.13 0.32 0.5  1.  ],4,43.0,34.0
89,2501.0,2504.0,2506.0,6.0,8.763512717836952e-05,0.000107285206605,9.701136992310744e-05,"['0.5', '1.0']",2,"['0.13', '0.32', '0.5', '1.0']",4,[0.18 0.5  1.  ],3,34.0,45.0
90,2548.0,2549.0,2549.0,2.0,8.600132486404696e-05,0.0001221410537575,0.0001221410537575,"['0.32', '0.5', '1.0']",3,"['0.32', '0.5', '1.0']",3,[0.18 0.32 0.5  1.  ],4,45.0,44.0
91,2593.0,2593.0,2594.0,2.0,0.0001069427330072,0.0001069427330072,8.58098912681602e-05,"['0.13', '0.32', '0.5', '1.0']",4,"['0.5', '1.0']",2,[0.13 0.32 0.5  1.  ],4,44.0,33.0
92,2625.0,2626.0,2627.0,3.0,9.648452569664872e-05,0.0001672998428448,9.49421596551852e-05,"['0.5', '1.0']",2,"['0.13', '0.32', '0.5', '1.0']",4,[0.18 0.5  1.  ],3,33.0,42.0
93,2668.0,2668.0,2668.0,1.0,8.508433554337711e-05,8.508433554337711e-05,8.508433554337711e-05,"['0.32', '0.5']",2,[],0,[0.32],1,42.0,3.0
94,2670.0,2671.0,2671.0,2.0,9.465187166695736e-05,0.0001620550970745,0.0001620550970745,"['0.32', '0.5', '1.0']",3,"['0.32', '0.5', '1.0']",3,[0.18 0.32 0.5  1.  ],4,3.0,44.0
95,2713.0,2715.0,2718.0,6.0,9.470126666913812e-05,0.0001084270547342,9.45818347177002e-05,"['0.13', '0.32', '0.5', '1.0']",4,"['0.5', '1.0']",2,[0.13 0.32 0.5  1.  ],4,44.0,33.0
96,2744.0,2748.0,2751.0,8.0,8.556318574239665e-05,0.0001082449402143,9.083871829662406e-05,"['0.5', '1.0']",2,"['0.13', '0.32', '0.5', '1.0']",4,[0.18 0.5  1.  ],3,33.0,45.0
97,2792.0,2793.0,2793.0,2.0,8.644451837427227e-05,0.0001075452555724,0.0001075452555724,"['0.32', '0.5', '1.0']",3,"['0.32', '0.5', '1.0']",3,[0.18 0.32 0.5  1.  ],4,45.0,45.0
98,2837.0,2838.0,2838.0,2.0,8.884331661432592e-05,0.0001136605257935,0.0001136605257935,"['0.13', '0.32', '0.5', '1.0']",4,"['0.5', '1.0']",2,[0.13 0.32 0.5  1.  ],4,45.0,33.0
99,2867.0,2871.0,2872.0,6.0,8.469657683443916e-05,0.0001483031869747,9.603514404005228e-05,"['0.5', '1.0']",2,"['0.13', '0.32', '0.5', '1.0']",4,[0.18 0.5  1.  ],3,33.0,45.0
100,2915.0,2916.0,2916.0,2.0,9.799929250079588e-05,0.0001454219484055,0.0001454219484055,"['0.32', '0.5', '1.0']",3,"['0.32', '0.5', '1.0']",3,[0.18 0.32 0.5  1.  ],4,45.0,45.0
101,2957.0,2961.0,2963.0,7.0,8.848132455064613e-05,0.0001070767448057,9.244240808147843e-05,"['0.13', '0.5', '1.0']",3,"['0.5', '1.0']",2,[0.13 0.32 0.5  1.  ],4,45.0,4.0
102,2965.0,2965.0,2965.0,1.0,8.765007600543274e-05,8.765007600543274e-05,8.765007600543274e-05,[],0,[],0,[1.],1,4.0,27.0
103,2990.0,2992.0,2995.0,6.0,9.314059606494312e-05,0.000102658203558,9.157490552982329e-05,"['0.5', '1.0']",2,"['0.13', '0.32', '0.5', '1.0']",4,[0.18 0.5  1.  ],3,27.0,46.0
104,3037.0,3038.0,3038.0,2.0,8.478770453922847e-05,0.0001072560560177,0.0001072560560177,"['0.32', '0.5', '1.0']",3,"['0.32', '0.5', '1.0']",3,[0.18 0.32 0.5  1.  ],4,46.0,44.0
105,3080.0,3082.0,3083.0,4.0,8.70158203257191e-05,0.0001025367393052,8.688072196973274e-05,"['0.13', '0.32', '0.5', '1.0']",4,"['0.5', '1.0']",2,[0.13 0.32 0.5  1.  ],4,44.0,33.0
106,3114.0,3115.0,3118.0,5.0,0.0001039616351694,0.0001529612498843,8.55723368336677e-05,"['0.5', '1.0']",2,"['0.13', '0.32', '0.5', '1.0']",4,[0.18 0.5  1.  ],3,33.0,46.0
107,3160.0,3161.0,3161.0,2.0,9.191066642959444e-05,0.0001338925199827,0.0001338925199827,"['0.32', '0.5', '1.0']",3,"['0.32', '0.5', '1.0']",3,[0.18 0.32 0.5  1.  ],4,46.0,43.0
108,3202.0,3204.0,3206.0,5.0,9.23594122328271e-05,0.0001052042572329,9.661648266185428e-05,"['0.13', '0.32', '0.5', '1.0']",4,"['0.5', '1.0']",2,[0.13 0.32 0.5  1.  ],4,43.0,4.0
109,3208.0,3208.0,3208.0,1.0,8.880592751777968e-05,8.880592751777968e-05,8.880592751777968e-05,['1.0'],1,['1.0'],1,[0.13],1,4.0,30.0
110,3236.0,3238.0,3240.0,5.0,9.13738208509152e-05,0.0001038318307294,9.774045838286785e-05,"['0.5', '1.0']",2,"['0.13', '0.18', '0.32', '0.5', '1.0']",5,[0.18 0.5  1.  ],3,30.0,45.0
111,3282.0,3283.0,3283.0,2.0,9.10786599177225e-05,9.658939788361355e-05,9.658939788361355e-05,"['0.32', '0.5', '1.0']",3,"['0.32', '0.5', '1.0']",3,[0.18 0.32 0.5  1.  ],4,45.0,44.0
112,3326.0,3327.0,3328.0,3.0,0.0001037895251206,0.0001056191618243,8.992654302224183e-05,"['0.13', '0.32', '0.5', '1.0']",4,"['0.5', '1.0']",2,[0.13 0.32 0.5  1.  ],4,44.0,29.0
113,3356.0,3356.0,3356.0,1.0,8.515101864281656e-05,8.515101864281656e-05,8.515101864281656e-05,['0.5'],1,[],0,[],0,29.0,4.0
114,3358.0,3360.0,3362.0,5.0,8.920870859781114e-05,0.0001569225086371,9.206060717361774e-05,"['0.5', '1.0']",2,"['0.13', '0.32', '0.5', '1.0']",4,[0.18 0.5  1.  ],3,4.0,45.0
115,3404.0,3405.0,3406.0,3.0,9.742221597211708e-05,0.000124486754413,8.82137564091083e-05,"['0.32', '0.5', '1.0']",3,"['0.32', '0.5', '1.0']",3,[0.18 0.32 0.5  1.  ],4,45.0,45.0
116,3445.0,3450.0,3453.0,9.0,8.852512642557632e-05,0.0001062243470514,8.758338050906368e-05,"['0.13', '0.5', '1.0']",3,"['0.5', '1.0']",2,[0.13 0.32 0.5  1.  ],4,45.0,32.0
117,3479.0,3482.0,3485.0,7.0,9.016959569818456e-05,0.0001056354343166,8.723513543323021e-05,"['0.5', '1.0']",2,"['0.13', '0.18', '0.32', '0.5', '1.0']",5,[0.18 0.5  1.  ],3,32.0,44.0
118,3526.0,3526.0,3527.0,2.0,9.605475222205804e-05,9.605475222205804e-05,9.266752790775862e-05,['0.32'],1,"['0.32', '0.5', '1.0']",3,[0.18 0.32],2,44.0,45.0
119,3570.0,3571.0,3572.0,3.0,9.862515613401597e-05,0.0001038860135828,9.248654430412446e-05,"['0.13', '0.32', '0.5']",3,"['0.5', '1.0']",2,[0.13 0.32],2,45.0,25.0
120,3596.0,3596.0,3596.0,1.0,8.728224505200805e-05,8.728224505200805e-05,8.728224505200805e-05,[],0,[],0,[],0,25.0,7.0
121,3603.0,3603.0,3603.0,1.0,8.687468752191178e-05,8.687468752191178e-05,8.687468752191178e-05,"['0.5', '1.0']",2,"['0.13', '0.32', '0.5', '1.0']",4,[],0,7.0,4.0
122,3606.0,3607.0,3608.0,3.0,0.0001034992760012,0.0001317404331007,9.299366072469654e-05,"['0.5', '1.0']",2,"['0.18', '0.5', '1.0']",3,[0.18 0.5  1.  ],3,4.0,44.0
123,3651.0,3651.0,3652.0,2.0,0.0001087880102863,0.0001087880102863,0.000100079482845,"['0.32', '0.5', '1.0']",3,"['0.32', '1.0']",2,[0.18 0.32 0.5  1.  ],4,44.0,45.0
124,3693.0,3696.0,3699.0,7.0,8.618902290019651e-05,0.0001046439458554,8.41403132974418e-05,"['0.13', '0.32', '0.5', '1.0']",4,['1.0'],1,[0.13 0.32 0.5  1.  ],4,45.0,6.0
125,3702.0,3702.0,3702.0,1.0,8.843359502610155e-05,8.843359502610155e-05,8.843359502610155e-05,['0.13'],1,[],0,[0.13],1,6.0,26.0
126,3727.0,3728.0,3732.0,6.0,9.078132549990624e-05,0.0001074532783286,8.511816197112863e-05,"['0.5', '1.0']",2,"['0.13', '0.32', '0.5', '1.0']",4,[0.18 0.5  1.  ],3,26.0,8.0
127,3736.0,3736.0,3736.0,1.0,8.488244547642863e-05,8.488244547642863e-05,8.488244547642863e-05,[],0,"['0.13', '0.18']",2,[],0,8.0,37.0
128,3773.0,3773.0,3774.0,2.0,0.0001027311362742,0.0001027311362742,9.529101799329184e-05,"['0.32', '0.5', '1.0']",3,"['0.18', '0.32', '0.5']",3,[0.18 0.32 0.5  1.  ],4,37.0,45.0
129,3818.0,3818.0,3819.0,2.0,0.0001086758900189,0.0001086758900189,9.963974388997874e-05,"['0.13', '0.32', '0.5', '1.0']",4,['0.5'],1,[0.13 0.32 0.5  1.  ],4,45.0,34.0
130,3848.0,3852.0,3852.0,5.0,8.601485853577404e-05,0.0001483078983375,0.0001483078983375,"['0.5', '1.0']",2,"['0.13', '0.32', '0.5', '1.0']",4,[0.18 0.5  1.  ],3,34.0,2.0
131,3854.0,3854.0,3854.0,1.0,8.36948698705178e-05,8.36948698705178e-05,8.36948698705178e-05,"['0.5', '1.0']",2,"['0.18', '0.5']",2,[0.18 0.5 ],2,2.0,42.0
132,3896.0,3896.0,3897.0,2.0,0.000114117088904,0.000114117088904,9.983828316341592e-05,"['0.32', '0.5', '1.0']",3,"['0.32', '0.5', '1.0']",3,[0.18 0.32 0.5  1.  ],4,42.0,45.0
133,3937.0,3941.0,3944.0,8.0,8.708293169609251e-05,0.0001107601772109,9.532412262326266e-05,"['0.13', '0.32', '0.5', '1.0']",4,"['0.5', '1.0']",2,[0.13 0.32 0.5  1.  ],4,45.0,33.0
134,3972.0,3974.0,3978.0,7.0,9.599861309086812e-05,0.0001006732893785,8.466205942301006e-05,"['0.5', '1.0']",2,"['0.13', '0.18', '0.32', '0.5', '1.0']",5,[0.18 0.5  1.  ],3,33.0,44.0
135,4018.0,4018.0,4019.0,2.0,9.88428182826085e-05,9.88428182826085e-05,8.8791509064816e-05,"['0.32', '0.5', '1.0']",3,"['0.18', '0.32', '0.5', '1.0']",4,[0.18 0.32 0.5  1.  ],4,44.0,44.0
136,4062.0,4062.0,4063.0,2.0,0.0001067697164827,0.0001067697164827,9.877876370076517e-05,"['0.13', '0.32', '0.5', '1.0']",4,"['0.5', '1.0']",2,[0.13 0.32 0.5  1.  ],4,44.0,3.0
137,4065.0,4065.0,4065.0,1.0,8.659872897894901e-05,8.659872897894901e-05,8.659872897894901e-05,"['0.13', '0.5', '1.0']",3,['0.5'],1,[0.13 0.5 ],2,3.0,27.0
138,4092.0,4092.0,4092.0,1.0,8.747912722227207e-05,8.747912722227207e-05,8.747912722227207e-05,"['0.5', '1.0']",2,['1.0'],1,[1.],1,27.0,4.0
139,4095.0,4096.0,4098.0,4.0,0.0001311078143824,0.0001441206409448,8.779898300061727e-05,"['0.5', '1.0']",2,"['0.13', '0.32', '0.5', '1.0']",4,[0.18 0.5  1.  ],3,4.0,44.0
140,4140.0,4140.0,4141.0,2.0,0.0001162485673234,0.0001162485673234,9.797255322428316e-05,"['0.32', '0.5', '1.0']",3,"['0.32', '0.5', '1.0']",3,[0.18 0.32 0.5  1.  ],4,44.0,44.0
141,4182.0,4184.0,4187.0,6.0,8.68023375236944e-05,0.000102692409981,9.23047670629538e-05,"['0.13', '0.32', '0.5', '1.0']",4,"['0.5', '1.0']",2,[0.13 0.32 0.5  1.  ],4,44.0,5.0
142,4189.0,4189.0,4189.0,1.0,8.982817033272047e-05,8.982817033272047e-05,8.982817033272047e-05,['1.0'],1,['1.0'],1,[],0,5.0,29.0
143,4214.0,4218.0,4220.0,7.0,8.606026112086805e-05,0.0001012123525626,8.825755171941152e-05,"['0.5', '1.0']",2,"['0.13', '0.18', '0.32', '0.5', '1.0']",5,[0.18 0.5  1.  ],3,29.0,44.0
144,4262.0,4262.0,4263.0,2.0,0.0001084611264132,0.0001084611264132,8.95327676496109e-05,"['0.32', '0.5', '1.0']",3,"['0.32', '0.5', '1.0']",3,[0.18 0.32 0.5  1.  ],4,44.0,45.0
145,4307.0,4307.0,4309.0,3.0,0.000103894077404,0.000103894077404,8.859332525340488e-05,"['0.13', '0.32', '0.5', '1.0']",4,"['0.5', '1.0']",2,[0.13 0.32 0.5  1.  ],4,45.0,30.0
146,4337.0,4337.0,4337.0,1.0,9.60434191991721e-05,9.60434191991721e-05,9.60434191991721e-05,"['0.32', '0.5', '1.0']",3,"['0.5', '1.0']",2,[0.32 1.  ],2,30.0,3.0
147,4339.0,4340.0,4342.0,4.0,8.802800246804174e-05,0.0001414005916389,8.64307517918832e-05,"['0.5', '1.0']",2,"['0.13', '0.32', '0.5', '1.0']",4,[0.18 0.32 0.5  1.  ],4,3.0,45.0
148,4385.0,4385.0,4386.0,2.0,0.0001312247157618,0.0001312247157618,9.399563340491348e-05,"['0.32', '0.5', '1.0']",3,"['0.32', '0.5', '1.0']",3,[0.13 0.18 0.32 0.5  1.  ],5,45.0,31.0
149,4416.0,4416.0,4416.0,1.0,8.895700709412417e-05,8.895700709412417e-05,8.895700709412417e-05,[],0,['0.32'],1,[],0,31.0,14.0
150,4427.0,4430.0,4434.0,8.0,8.95370840978282e-05,0.000108218024918,8.876951706930472e-05,"['0.13', '0.5', '1.0']",3,"['0.5', '1.0']",2,[0.13 0.32 0.5  1.  ],4,14.0,34.0
151,4460.0,4464.0,4465.0,6.0,9.172232408617128e-05,0.0001018945878188,9.23264085519172e-05,"['0.5', '1.0']",2,"['0.13', '0.18', '0.32', '0.5', '1.0']",5,[0.18 0.5  1.  ],3,34.0,43.0
152,4507.0,4507.0,4507.0,1.0,9.852488229351531e-05,9.852488229351531e-05,9.852488229351531e-05,"['0.32', '0.5', '1.0']",3,"['0.32', '0.5', '1.0']",3,[0.18 0.32 0.5  1.  ],4,43.0,44.0
153,4550.0,4551.0,4552.0,3.0,8.916103576914564e-05,0.0001060538407789,0.0001045176018029,"['0.13', '0.32', '0.5', '1.0']",4,"['0.5', '1.0']",2,[0.13 0.32 0.5  1.  ],4,44.0,30.0
154,4581.0,4581.0,4581.0,1.0,9.190351859892322e-05,9.190351859892322e-05,9.190351859892322e-05,"['0.5', '1.0']",2,['1.0'],1,[1.],1,30.0,3.0
155,4583.0,4584.0,4586.0,4.0,8.739558817028724e-05,0.0001433231206902,9.218506508905154e-05,"['0.5', '1.0']",2,"['0.13', '0.32', '0.5', '1.0']",4,[0.18 0.5  1.  ],3,3.0,45.0
156,4629.0,4629.0,4630.0,2.0,0.0001369894873161,0.0001369894873161,8.896021018500025e-05,"['0.32', '0.5', '1.0']",3,"['0.32', '0.5', '1.0']",3,[0.18 0.32 0.5  1.  ],4,45.0,44.0
157,4671.0,4673.0,4676.0,6.0,9.156761167811056e-05,0.0001055967857106,9.035706512164757e-05,"['0.13', '0.32', '0.5', '1.0']",4,"['0.5', '1.0']",2,[0.13 0.32 0.5 ],3,44.0,34.0
158,4703.0,4707.0,4709.0,7.0,8.712463182574239e-05,0.0001079848260564,9.24538229653737e-05,"['0.5', '1.0']",2,"['0.13', '0.18', '0.32', '0.5', '1.0']",5,[0.18 0.5  1.  ],3,34.0,44.0
159,4751.0,4751.0,4751.0,1.0,0.0001049378383905,0.0001049378383905,0.0001049378383905,"['0.32', '0.5', '1.0']",3,"['0.32', '0.5', '1.0']",3,[0.18 0.32 0.5  1.  ],4,44.0,44.0
160,4795.0,4795.0,4796.0,2.0,0.0001076610895421,0.0001076610895421,9.629054973060178e-05,"['0.13', '0.32', '0.5', '1.0']",4,"['0.5', '1.0']",2,[0.13 0.32 1.  ],3,44.0,31.0
161,4826.0,4826.0,4826.0,1.0,8.82911472795936e-05,8.82911472795936e-05,8.82911472795936e-05,"['0.5', '1.0']",2,"['0.5', '1.0']",2,[1.],1,31.0,3.0
162,4829.0,4829.0,4831.0,3.0,0.0001508625189134,0.0001508625189134,8.840525827902361e-05,"['0.5', '1.0']",2,"['0.13', '0.32', '0.5', '1.0']",4,[0.18 0.5  1.  ],3,3.0,45.0
163,4874.0,4874.0,4875.0,2.0,0.0001334063040858,0.0001334063040858,8.634938835994537e-05,"['0.32', '0.5', '1.0']",3,"['0.32', '0.5', '1.0']",3,[0.18 0.32 0.5  1.  ],4,45.0,46.0
164,4915.0,4920.0,4921.0,7.0,8.317519745262801e-05,0.0001007146618503,8.663329700555892e-05,"['0.13', '1.0']",2,['1.0'],1,[0.13 0.32 0.5 ],3,46.0,32.0
165,4950.0,4952.0,4954.0,5.0,9.656949357854356e-05,0.0001075883737687,8.953704726511423e-05,"['0.5', '1.0']",2,"['0.13', '0.18', '0.32', '0.5', '1.0']",5,[0.18 0.5  1.  ],3,32.0,44.0
166,4996.0,4996.0,4996.0,1.0,9.908859944799696e-05,9.908859944799696e-05,9.908859944799696e-05,"['0.32', '0.5', '1.0']",3,"['0.32', '0.5', '1.0']",3,[0.18 0.32 0.5  1.  ],4,44.0,44.0
167,5040.0,5040.0,5041.0,2.0,0.0001006308297299,0.0001006308297299,9.614919815726324e-05,"['0.13', '0.32', '0.5', '1.0']",4,"['0.5', '1.0']",2,[0.13 0.32 0.5  1.  ],4,44.0,30.0
168,5070.0,5070.0,5070.0,1.0,8.918127931242173e-05,8.918127931242173e-05,8.918127931242173e-05,"['0.5', '1.0']",2,['1.0'],1,[1.],1,30.0,3.0
169,5072.0,5073.0,5075.0,4.0,8.661142074322978e-05,0.0001514311318959,9.068508884259228e-05,"['0.5', '1.0']",2,"['0.13', '0.32', '0.5', '1.0']",4,[0.18 0.5  1.  ],3,3.0,45.0
170,5118.0,5118.0,5118.0,1.0,0.0001337196017026,0.0001337196017026,0.0001337196017026,"['0.32', '0.5', '1.0']",3,"['0.32', '0.5', '1.0']",3,[0.18 0.32 0.5  1.  ],4,45.0,44.0
171,5159.0,5162.0,5166.0,8.0,8.396475327181829e-05,0.0001102434180574,8.472775431786909e-05,"['0.13', '0.32', '0.5', '1.0']",4,"['0.5', '1.0']",2,[0.13 0.32 0.5  1.  ],4,44.0,33.0
172,5193.0,5195.0,5198.0,6.0,8.525563603186695e-05,0.0001058619037909,8.764574551694008e-05,"['0.5', '1.0']",2,"['0.13', '0.18', '0.32', '0.5', '1.0']",5,[0.18 0.5  1.  ],3,33.0,45.0
173,5240.0,5240.0,5240.0,1.0,0.0001014652604473,0.0001014652604473,0.0001014652604473,"['0.32', '0.5', '1.0']",3,"['0.32', '0.5', '1.0']",3,[0.18 0.32 0.5  1.  ],4,45.0,44.0
174,5284.0,5284.0,5285.0,2.0,0.0001057606111603,0.0001057606111603,9.26227507624337e-05,"['0.13', '0.32', '0.5', '1.0']",4,"['0.5', '1.0']",2,[0.13 0.32 0.5  1.  ],4,44.0,21.0
175,5305.0,5305.0,5305.0,1.0,8.803647147980029e-05,8.803647147980029e-05,8.803647147980029e-05,[],0,[],0,[],0,21.0,9.0
176,5314.0,5314.0,5314.0,1.0,8.772265223944763e-05,8.772265223944763e-05,8.772265223944763e-05,"['0.5', '1.0']",2,['1.0'],1,[0.5],1,9.0,3.0
177,5317.0,5317.0,5319.0,3.0,0.0001413243427666,0.0001413243427666,8.623987321759742e-05,"['0.5', '1.0']",2,"['0.13', '0.32', '0.5', '1.0']",4,[0.18 0.5  1.  ],3,3.0,45.0
178,5362.0,5362.0,5362.0,1.0,0.0001372627171699,0.0001372627171699,0.0001372627171699,"['0.32', '0.5', '1.0']",3,"['0.32', '0.5', '1.0']",3,[0.18 0.32 0.5  1.  ],4,45.0,44.0
179,5404.0,5406.0,5410.0,7.0,8.929632049982337e-05,0.0001037239537339,8.610100390124141e-05,"['0.13', '0.32', '0.5', '1.0']",4,"['0.5', '1.0']",2,[0.13 0.32 0.5  1.  ],4,44.0,30.0
180,5436.0,5436.0,5436.0,1.0,8.522568689440264e-05,8.522568689440264e-05,8.522568689440264e-05,['0.5'],1,"['0.13', '0.5', '1.0']",3,[],0,30.0,3.0
181,5438.0,5439.0,5442.0,5.0,8.951917184365894e-05,9.49587468171083e-05,9.401420812699582e-05,"['0.5', '1.0']",2,"['0.13', '0.32', '0.5', '1.0']",4,[0.18 0.5  1.  ],3,3.0,5.0
182,5444.0,5444.0,5444.0,1.0,8.955119090839639e-05,8.955119090839639e-05,8.955119090839639e-05,[],0,"['0.13', '0.18']",2,[],0,5.0,41.0
183,5485.0,5485.0,5485.0,1.0,0.0001033850525476,0.0001033850525476,0.0001033850525476,"['0.32', '0.5', '1.0']",3,"['0.32', '0.5', '1.0']",3,[0.18 0.32 0.5  1.  ],4,41.0,44.0
184,5529.0,5529.0,5530.0,2.0,0.0001095451180892,0.0001095451180892,9.747342391426516e-05,"['0.13', '0.32', '0.5', '1.0']",4,"['0.5', '1.0']",2,[0.13 0.32 0.5  1.  ],4,44.0,33.0
185,5559.0,5562.0,5563.0,5.0,8.985243038413251e-05,0.0001632298071523,0.0001092538246839,"['0.5', '1.0']",2,"['0.13', '0.32', '0.5', '1.0']",4,[0.18 0.5  1.  ],3,33.0,45.0
186,5607.0,5607.0,5607.0,1.0,0.0001157939014558,0.0001157939014558,0.0001157939014558,"['0.32', '0.5', '1.0']",3,"['0.32', '0.5', '1.0']",3,[0.18 0.32 0.5  1.  ],4,45.0,45.0
187,5649.0,5652.0,5653.0,5.0,9.145991018952464e-05,0.0001004753461321,9.501470927221542e-05,"['0.13', '0.5', '1.0']",3,"['0.5', '1.0']",2,[0.13 0.32 0.5  1.  ],4,45.0,33.0
188,5683.0,5685.0,5686.0,4.0,9.673249299074296e-05,0.0001036731632928,9.425869183334268e-05,"['0.5', '1.0']",2,"['0.13', '0.18', '0.32', '0.5', '1.0']",5,[0.18 0.5  1.  ],3,33.0,44.0
189,5729.0,5729.0,5729.0,1.0,0.0001025148564011,0.0001025148564011,0.0001025148564011,"['0.32', '0.5', '1.0']",3,"['0.32', '0.5', '1.0']",3,[0.18 0.32 0.5  1.  ],4,44.0,44.0
190,5772.0,5773.0,5774.0,3.0,9.115937726259965e-05,9.74485521457634e-05,8.946634887370494e-05,"['0.13', '0.32', '0.5', '1.0']",4,"['0.5', '1.0']",2,[0.13 0.32 0.5  1.  ],4,44.0,30.0
191,5803.0,5803.0,5804.0,2.0,9.512778052221892e-05,9.512778052221892e-05,9.10719388138314e-05,['1.0'],1,['1.0'],1,[1.],1,30.0,4.0
192,5806.0,5807.0,5809.0,4.0,8.953411887362378e-05,0.000156404732309,8.786687871257227e-05,"['0.5', '1.0']",2,"['0.13', '0.32', '0.5', '1.0']",4,[0.18 0.5  1.  ],3,4.0,45.0
193,5852.0,5852.0,5852.0,1.0,0.0001243764986384,0.0001243764986384,0.0001243764986384,"['0.32', '0.5', '1.0']",3,"['0.32', '0.5', '1.0']",3,[0.18 0.32 0.5  1.  ],4,45.0,43.0
194,5893.0,5895.0,5899.0,7.0,8.717273635061516e-05,0.0001009384133723,9.1317844602744e-05,"['0.13', '0.32', '0.5', '1.0']",4,"['0.5', '1.0']",2,[0.32 0.5  1.  ],3,43.0,35.0
195,5928.0,5930.0,5931.0,4.0,9.701292174314152e-05,0.0001022481282897,9.390041196315104e-05,"['0.5', '1.0']",2,"['0.13', '0.18', '0.32', '0.5', '1.0']",5,[0.18 0.5  1.  ],3,35.0,44.0
196,5974.0,5974.0,5974.0,1.0,9.523988580769584e-05,9.523988580769584e-05,9.523988580769584e-05,"['0.32', '0.5', '1.0']",3,"['0.32', '0.5', '1.0']",3,[0.18 0.32 0.5  1.  ],4,44.0,44.0
197,6017.0,6018.0,6019.0,3.0,9.546511593700734e-05,0.0001092101457131,9.277117408309936e-05,"['0.13', '0.32', '0.5', '1.0']",4,"['0.5', '1.0']",2,[0.13 0.32 0.5  1.  ],4,44.0,30.0
198,6048.0,6048.0,6048.0,1.0,8.821842089941945e-05,8.821842089941945e-05,8.821842089941945e-05,"['0.5', '1.0']",2,['1.0'],1,[],0,30.0,3.0
199,6050.0,6051.0,6052.0,3.0,9.225293110797812e-05,0.0001545771392452,0.0001001449036654,"['0.5', '1.0']",2,"['0.13', '0.32', '0.5', '1.0']",4,[0.18 0.5  1.  ],3,3.0,45.0
200,6096.0,6096.0,6096.0,1.0,0.000121312331579,0.000121312331579,0.000121312331579,"['0.32', '0.5', '1.0']",3,"['0.32', '0.5', '1.0']",3,[0.18 0.32 0.5  1.  ],4,45.0,44.0
201,6138.0,6140.0,6143.0,6.0,9.038369545995158e-05,0.0001098850368192,9.309586192639056e-05,"['0.13', '0.32', '0.5', '1.0']",4,"['0.5', '1.0']",2,[0.13 0.32 0.5  1.  ],4,44.0,33.0
202,6172.0,6173.0,6175.0,4.0,9.79113382658539e-05,0.0001030531066009,8.77719643633131e-05,"['0.13', '0.5', '1.0']",3,"['0.13', '0.32', '0.5', '1.0']",4,[0.13 0.18 0.5  1.  ],4,33.0,34.0
203,6207.0,6207.0,6207.0,1.0,8.674830417055299e-05,8.674830417055299e-05,8.674830417055299e-05,[],0,['0.13'],1,[],0,34.0,11.0
204,6218.0,6218.0,6218.0,1.0,9.874433659096448e-05,9.874433659096448e-05,9.874433659096448e-05,"['0.32', '0.5', '1.0']",3,"['0.32', '0.5', '1.0']",3,[0.18 0.32 0.5  1.  ],4,11.0,44.0
205,6262.0,6262.0,6263.0,2.0,9.91658480716068e-05,9.91658480716068e-05,9.041989195577236e-05,"['0.13', '0.32', '0.5', '1.0']",4,"['0.5', '1.0']",2,[0.13 0.32 0.5  1.  ],4,44.0,33.0
206,6294.0,6295.0,6296.0,3.0,9.798844670542498e-05,0.0001686609187507,9.828373026596586e-05,"['0.5', '1.0']",2,"['0.13', '0.32', '0.5', '1.0']",4,[0.18 0.5  1.  ],3,33.0,45.0
207,6340.0,6340.0,6340.0,1.0,0.0001132442149835,0.0001132442149835,0.0001132442149835,"['0.32', '0.5', '1.0']",3,"['0.32', '0.5', '1.0']",3,[0.18 0.32 0.5  1.  ],4,45.0,44.0
208,6381.0,6384.0,6386.0,6.0,9.02463965473696e-05,0.0001055992785082,9.36140367284249e-05,"['0.13', '0.32', '0.5', '1.0']",4,"['0.5', '1.0']",2,[0.13 0.32 0.5  1.  ],4,44.0,33.0
209,6415.0,6417.0,6419.0,5.0,9.178130114580754e-05,0.0001044634570918,9.107983145521032e-05,"['0.5', '1.0']",2,"['0.13', '0.18', '0.32', '0.5', '1.0']",5,[0.18 0.5  1.  ],3,33.0,45.0
210,6462.0,6462.0,6462.0,1.0,8.852270606251194e-05,8.852270606251194e-05,8.852270606251194e-05,"['0.32', '0.5', '1.0']",3,"['0.32', '0.5', '1.0']",3,[0.18 0.32 0.5  1.  ],4,45.0,44.0
211,6505.0,6506.0,6507.0,3.0,9.327089283584433e-05,9.612221135422248e-05,8.462174903861133e-05,"['0.13', '0.32', '0.5', '1.0']",4,"['0.5', '1.0']",2,[0.13 0.32 0.5  1.  ],4,44.0,33.0
212,6538.0,6539.0,6540.0,3.0,0.0001004437007487,0.0001742140424306,0.0001015910074851,"['0.5', '1.0']",2,"['0.13', '0.32', '0.5', '1.0']",4,[0.18 0.5  1.  ],3,33.0,46.0
213,6585.0,6585.0,6585.0,1.0,0.0001124009792238,0.0001124009792238,0.0001124009792238,"['0.32', '0.5', '1.0']",3,"['0.32', '0.5', '1.0']",3,[0.18 0.32 0.5  1.  ],4,46.0,45.0
214,6627.0,6630.0,6631.0,5.0,9.141328192070868e-05,0.0001075439084172,9.506853339251778e-05,"['0.13', '1.0']",2,"['0.5', '1.0']",2,[0.13 0.32 0.5  1.  ],4,45.0,33.0
215,6659.0,6663.0,6665.0,7.0,8.735954686544532e-05,0.0001065283468363,8.721384227295003e-05,"['0.5', '1.0']",2,"['0.13', '0.18', '0.32', '0.5', '1.0']",5,[0.18 0.5  1.  ],3,33.0,44.0
216,6707.0,6707.0,6707.0,1.0,9.584188864160848e-05,9.584188864160848e-05,9.584188864160848e-05,"['0.32', '0.5']",2,"['0.32', '0.5', '1.0']",3,[0.18 0.32 0.5 ],3,44.0,44.0
217,6750.0,6751.0,6751.0,2.0,9.23697968460528e-05,9.961781715799888e-05,9.961781715799888e-05,"['0.13', '0.32', '0.5', '1.0']",4,"['0.5', '1.0']",2,[0.13 0.32 0.5  1.  ],4,44.0,33.0
218,6783.0,6784.0,6786.0,4.0,0.0001018051967733,0.0001613215706817,9.09466526610094e-05,"['0.5', '1.0']",2,"['0.13', '0.32', '0.5', '1.0']",4,[0.18 0.5  1.  ],3,33.0,46.0
219,6830.0,6830.0,6830.0,1.0,0.0001084766667104,0.0001084766667104,0.0001084766667104,"['0.32', '1.0']",2,"['0.32', '0.5', '1.0']",3,[0.18 0.32 1.  ],3,46.0,39.0
220,6869.0,6869.0,6869.0,1.0,8.653367598143884e-05,8.653367598143884e-05,8.653367598143884e-05,['0.13'],1,['0.18'],1,[0.13],1,39.0,5.0
221,6871.0,6874.0,6876.0,6.0,8.61297403518664e-05,0.0001104755387243,9.668357183448708e-05,"['0.13', '0.5', '1.0']",3,"['0.5', '1.0']",2,[0.13 0.5  1.  ],3,5.0,28.0
222,6902.0,6902.0,6902.0,1.0,8.786222213016956e-05,8.786222213016956e-05,8.786222213016956e-05,[],0,"['0.13', '1.0']",2,[],0,28.0,5.0
223,6905.0,6907.0,6909.0,5.0,9.379016795068184e-05,0.0001072464434954,9.152511960406544e-05,"['0.5', '1.0']",2,"['0.13', '0.18', '0.32', '0.5', '1.0']",5,[0.5 1. ],2,5.0,54.0
224,6961.0,6961.0,6961.0,1.0,8.798869005586903e-05,8.798869005586903e-05,8.798869005586903e-05,['0.13'],1,[],0,[],0,54.0,35.0
225,6995.0,6996.0,6997.0,3.0,9.320904988213498e-05,9.902693132046312e-05,9.02170432931113e-05,"['0.13', '0.32', '0.5', '1.0']",4,"['0.5', '1.0']",2,[0.13 0.32 0.5  1.  ],4,35.0,33.0
226,7028.0,7029.0,7030.0,3.0,0.0001001062168741,0.0001581691319551,9.667782107852164e-05,"['0.5', '1.0']",2,"['0.13', '0.5', '1.0']",3,[0.18 0.5  1.  ],3,33.0,45.0
227,7073.0,7074.0,7074.0,2.0,9.017725403273524e-05,9.840761918913972e-05,9.840761918913972e-05,"['0.32', '0.5', '1.0']",3,"['0.32', '1.0']",2,[0.18 0.32 0.5  1.  ],4,45.0,43.0
228,7116.0,7117.0,7120.0,5.0,9.838427566489203e-05,0.0001113531788756,9.385734121327982e-05,"['0.13', '0.32', '0.5', '1.0']",4,"['0.5', '1.0']",2,[0.13 0.32 0.5  1.  ],4,43.0,34.0
229,7149.0,7151.0,7153.0,5.0,9.556237884430475e-05,0.0001004179672949,9.475414307261576e-05,"['0.5', '1.0']",2,"['0.13', '0.32', '0.5', '1.0']",4,[0.18 0.5  1.  ],3,34.0,45.0
230,7196.0,7196.0,7196.0,1.0,8.912622958380471e-05,8.912622958380471e-05,8.912622958380471e-05,"['0.32', '0.5', '1.0']",3,"['0.32', '0.5']",2,[0.18 0.32 0.5  1.  ],4,45.0,44.0
231,7239.0,7240.0,7240.0,2.0,9.374846222777482e-05,9.502928716372834e-05,9.502928716372834e-05,"['0.13', '0.32', '0.5', '1.0']",4,"['0.5', '1.0']",2,[0.13 0.32 0.5  1.  ],4,44.0,33.0
232,7272.0,7273.0,7274.0,3.0,0.0001092503960366,0.0001538145608977,9.512259527342348e-05,"['0.5', '1.0']",2,"['0.13', '0.32', '0.5', '1.0']",4,[0.18 0.5  1.  ],3,33.0,45.0
233,7317.0,7318.0,7318.0,2.0,9.023220053005271e-05,9.665764165856904e-05,9.665764165856904e-05,"['0.32', '0.5', '1.0']",3,"['0.32', '0.5', '1.0']",3,[0.18 0.32 0.5  1.  ],4,45.0,43.0
234,7359.0,7361.0,7365.0,7.0,9.246251052963656e-05,0.0001074106190594,9.0670307020812e-05,"['0.13', '0.32', '0.5', '1.0']",4,"['0.5', '1.0']",2,[0.13 0.32 0.5  1.  ],4,43.0,34.0
235,7393.0,7395.0,7397.0,5.0,9.19387682053392e-05,0.0001048045155012,8.690753107598222e-05,"['0.5', '1.0']",2,"['0.13', '0.18', '0.32', '0.5', '1.0']",5,[0.18 0.5  1.  ],3,34.0,45.0
236,7440.0,7440.0,7440.0,1.0,8.430167988433307e-05,8.430167988433307e-05,8.430167988433307e-05,"['0.32', '0.5']",2,"['0.32', '0.5', '1.0']",3,[0.18 0.32 0.5 ],3,45.0,44.0
237,7483.0,7484.0,7484.0,2.0,9.601074101509694e-05,9.621610855500095e-05,9.621610855500095e-05,"['0.13', '0.32', '0.5', '1.0']",4,"['0.5', '1.0']",2,[0.13 0.32 0.5  1.  ],4,44.0,30.0
238,7513.0,7514.0,7514.0,2.0,8.677022858603913e-05,8.88821246988693e-05,8.88821246988693e-05,['0.5'],1,[],0,[],0,30.0,3.0
239,7516.0,7517.0,7518.0,3.0,0.0001127634919153,0.00014847067702,9.516004152778584e-05,"['0.5', '1.0']",2,"['0.13', '0.32', '0.5', '1.0']",4,[0.18 0.5  1.  ],3,3.0,6.0
240,7523.0,7523.0,7523.0,1.0,8.923211294416939e-05,8.923211294416939e-05,8.923211294416939e-05,['0.32'],1,['0.18'],1,[0.5],1,6.0,38.0
241,7561.0,7561.0,7562.0,2.0,9.64211952353447e-05,9.64211952353447e-05,9.58016716441553e-05,"['0.32', '1.0']",2,"['0.18', '0.32', '1.0']",3,[0.18 0.32 1.  ],3,38.0,45.0
242,7603.0,7606.0,7609.0,7.0,9.13557524146049e-05,0.0001036347769487,9.023562720843773e-05,"['0.13', '0.5', '1.0']",3,"['0.5', '1.0']",2,[0.13 0.5  1.  ],3,45.0,33.0
243,7636.0,7639.0,7641.0,6.0,8.877170171248511e-05,0.0001033633381407,9.19253568314222e-05,"['0.5', '1.0']",2,"['0.13', '0.18', '0.32', '0.5', '1.0']",5,[0.5 1. ],2,33.0,5.0
244,7644.0,7644.0,7644.0,1.0,8.845751768277261e-05,8.845751768277261e-05,8.845751768277261e-05,['1.0'],1,['0.18'],1,[],0,5.0,85.0
245,7728.0,7729.0,7729.0,2.0,9.871178395368148e-05,9.881036927343455e-05,9.881036927343455e-05,"['0.13', '0.32', '0.5', '1.0']",4,"['0.5', '1.0']",2,[0.13 0.32 0.5  1.  ],4,85.0,33.0
246,7761.0,7762.0,7763.0,3.0,0.0001134133671119,0.0001330702245746,9.260719501313956e-05,"['0.5', '1.0']",2,"['0.13', '0.5', '1.0']",3,[0.18 0.5  1.  ],3,33.0,45.0
247,7807.0,7807.0,7808.0,2.0,9.728024146105545e-05,9.728024146105545e-05,9.415952829208487e-05,"['0.32', '1.0']",2,"['0.32', '1.0']",2,[0.18 0.32 1.  ],3,45.0,45.0
248,7849.0,7852.0,7854.0,6.0,9.44736628989702e-05,0.0001052136734084,9.759417969864296e-05,"['0.13', '0.5', '1.0']",3,"['0.5', '1.0']",2,[0.13 0.5  1.  ],3,45.0,4.0
249,7856.0,7856.0,7856.0,1.0,8.826610015973108e-05,8.826610015973108e-05,8.826610015973108e-05,[],0,[],0,[],0,4.0,29.0
250,7882.0,7885.0,7888.0,7.0,9.16383611994191e-05,0.000106062020035,9.403015352439012e-05,"['0.5', '1.0']",2,"['0.13', '0.18', '0.32', '0.5', '1.0']",5,[0.5 1. ],2,29.0,88.0
251,7973.0,7973.0,7974.0,2.0,0.000101444080163,0.000101444080163,9.186428113852702e-05,"['0.13', '0.32', '0.5']",3,"['0.5', '1.0']",2,[0.13 0.32 0.5 ],3,88.0,30.0
252,8003.0,8003.0,8003.0,1.0,9.19858552260794e-05,9.19858552260794e-05,9.19858552260794e-05,['0.5'],1,[],0,[],0,30.0,4.0
253,8006.0,8007.0,8008.0,3.0,0.000124329613499,0.0001336052607854,9.681136325716064e-05,['0.5'],1,"['0.13', '0.5', '1.0']",3,[0.18 0.5 ],2,4.0,44.0
254,8051.0,8051.0,8052.0,2.0,0.0001001903949935,0.0001001903949935,9.513367165313416e-05,['0.32'],1,"['0.32', '1.0']",2,[0.18 0.32],2,44.0,45.0
255,8092.0,8096.0,8099.0,8.0,9.038958457962014e-05,0.0001019565561079,9.015857924002767e-05,['0.13'],1,"['0.5', '1.0']",2,[0.13],1,45.0,7.0
256,8103.0,8103.0,8103.0,1.0,8.780227127345803e-05,8.780227127345803e-05,8.780227127345803e-05,[],0,[],0,[],0,7.0,3.0
257,8106.0,8106.0,8106.0,1.0,9.400760174490084e-05,9.400760174490084e-05,9.400760174490084e-05,[],0,[],0,[0.18],1,3.0,22.0
258,8125.0,8128.0,8132.0,8.0,9.037474806680632e-05,0.0001053268402301,9.092903063435846e-05,[],0,"['0.13', '0.18', '0.32', '0.5', '1.0']",5,[],0,22.0,24.0
259,8152.0,8152.0,8153.0,2.0,9.404986048170995e-05,9.404986048170995e-05,9.392527109560403e-05,[],0,[],0,[],0,24.0,0.0
